identifier;name;addressidentifier;
"1";"Proin Industries";"1";
"2";"Feugiat Industries";"2";
"3";"Sed Dolor Fusce Associates";"3";
"4";"Placerat Eget Inc.";"4";
"5";"Pede Corp.";"5";
"6";"Aliquam Iaculis LLP";"6";
"7";"Class Aptent Company";"7";
"8";"Nunc Est Foundation";"8";
"9";"A Scelerisque Sed Ltd";"9";
"10";"Nunc Corporation";"10";
"11";"Velit Associates";"11";
"12";"Auctor Velit Eget Institute";"12";
"13";"Erat Sed Nunc Limited";"13";
"14";"Dolor Sit Amet LLP";"14";
"15";"Ipsum Primis Foundation";"15";
"16";"In Scelerisque Scelerisque Corp.";"16";
"17";"Neque Morbi Industries";"17";
"18";"Iaculis Foundation";"18";
"19";"Dui Fusce Diam Institute";"19";
"20";"Libero Donec Consectetuer LLC";"20";
"21";"Nulla Donec Incorporated";"21";
"22";"Aliquam Adipiscing Lacus LLC";"22";
"23";"Fringilla Donec Corporation";"23";
"24";"Semper Egestas Urna Associates";"24";
"25";"Cursus Luctus Ipsum Inc.";"25";
"26";"Gravida Corporation";"26";
"27";"Cursus Nunc Foundation";"27";
"28";"Iaculis Inc.";"28";
"29";"Fringilla Foundation";"29";
"30";"Sit Amet Limited";"30";
"31";"Rhoncus Id Corporation";"31";
"32";"Mauris Molestie Pharetra Incorporated";"32";
"33";"Sit Amet LLP";"33";
"34";"Mauris Molestie Pharetra Ltd";"34";
"35";"Amet Consulting";"35";
"36";"Fusce Company";"36";
"37";"Cras Sed Leo LLP";"37";
"38";"Non Bibendum Sed LLC";"38";
"39";"Adipiscing Institute";"39";
"40";"Urna Justo Incorporated";"40";
"41";"Non LLP";"41";
"42";"Arcu LLP";"42";
"43";"Tortor At Risus Consulting";"43";
"44";"Gravida Industries";"44";
"45";"Ut Tincidunt Vehicula Industries";"45";
"46";"Nec Consulting";"46";
"47";"Nam Nulla Magna Incorporated";"47";
"48";"Lacus Cras Interdum Corp.";"48";
"49";"Mauris Foundation";"49";
"50";"Lectus Corp.";"50";
"51";"Erat LLC";"51";
"52";"Lectus Pede Incorporated";"52";
"53";"Sapien Imperdiet Ornare PC";"53";
"54";"Hymenaeos Associates";"54";
"55";"Purus Industries";"55";
"56";"Vel Faucibus Id Limited";"56";
"57";"Ut Molestie Inc.";"57";
"58";"Mus Donec Dignissim Associates";"58";
"59";"Nec Ltd";"59";
"60";"Tincidunt Corp.";"60";
"61";"Sit Amet Dapibus Associates";"61";
"62";"Proin Ultrices Duis Industries";"62";
"63";"Morbi Incorporated";"63";
"64";"Nibh Consulting";"64";
"65";"Interdum Nunc Industries";"65";
"66";"Et Magnis Limited";"66";
"67";"Quis Diam Foundation";"67";
"68";"Penatibus Et Magnis Consulting";"68";
"69";"Mattis Velit Justo Foundation";"69";
"70";"Aptent Taciti Industries";"70";
"71";"Lobortis Inc.";"71";
"72";"Accumsan Consulting";"72";
"73";"Proin Dolor Nulla Company";"73";
"74";"Aliquet Vel LLC";"74";
"75";"Ut Dolor Dapibus Company";"75";
"76";"Elit A Feugiat Consulting";"76";
"77";"Ornare Company";"77";
"78";"Sagittis Placerat Ltd";"78";
"79";"Sed Neque Corporation";"79";
"80";"Semper Pretium Ltd";"80";
"81";"Donec Nibh LLP";"81";
"82";"Risus Limited";"82";
"83";"Malesuada Fames Ac Corporation";"83";
"84";"Mauris Integer Consulting";"84";
"85";"Sem Nulla Interdum Incorporated";"85";
"86";"A Company";"86";
"87";"Aliquam Nec Corporation";"87";
"88";"Ad Litora Corporation";"88";
"89";"Gravida Praesent Consulting";"89";
"90";"Ac Mattis Consulting";"90";
"91";"Quisque Imperdiet Erat Inc.";"91";
"92";"Aliquet Sem Company";"92";
"93";"Adipiscing Corp.";"93";
"94";"Lacinia Vitae Foundation";"94";
"95";"Sed Auctor Odio LLC";"95";
"96";"Dui Inc.";"96";
"97";"Donec Felis LLP";"97";
"98";"Commodo Hendrerit Donec Company";"98";
"99";"Neque Consulting";"99";
"100";"Risus Odio Auctor Corporation";"100";


