identifier;name;uri;svg;date;desc;photostate;photoexpense;
"1";"IMG1";"IMG1.JPG";"";"2016-09-30 00:00:00";"receipt";"SELECTED";"1";
"2";"IMG2";"IMG2.JPG";"";"2016-12-07 00:00:00";"bill";"SELECTED";"2";
"3";"IMG3";"IMG3.JPG";"";"2016-09-15 00:00:00";"ticket";"SELECTED";"3";
"4";"IMG4";"IMG4.JPG";"";"2016-04-12 00:00:00";"receipt";"SELECTED";"4";
"5";"IMG5";"IMG5.JPG";"";"2016-05-15 00:00:00";"bill";"SELECTED";"5";
"6";"IMG6";"IMG6.JPG";"";"2016-09-09 00:00:00";"ticket";"SELECTED";"6";
"7";"IMG7";"IMG7.JPG";"";"2016-11-20 00:00:00";"receipt";"SELECTED";"7";
"8";"IMG8";"IMG8.JPG";"";"2015-12-23 00:00:00";"bill";"SELECTED";"8";
"9";"IMG9";"IMG9.JPG";"";"2015-12-31 00:00:00";"ticket";"SELECTED";"9";
"10";"IMG10";"IMG10.JPG";"";"2016-04-19 00:00:00";"receipt";"SELECTED";"10";
"11";"IMG11";"IMG11.JPG";"";"2016-09-13 00:00:00";"bill";"SELECTED";"11";
"12";"IMG12";"IMG12.JPG";"";"2016-06-17 00:00:00";"ticket";"SELECTED";"12";
"13";"IMG13";"IMG13.JPG";"";"2016-12-04 00:00:00";"receipt";"SELECTED";"13";
"14";"IMG14";"IMG14.JPG";"";"2016-05-30 00:00:00";"bill";"SELECTED";"14";
"15";"IMG15";"IMG15.JPG";"";"2016-01-18 00:00:00";"ticket";"SELECTED";"15";
"16";"IMG16";"IMG16.JPG";"";"2016-06-22 00:00:00";"receipt";"SELECTED";"16";
"17";"IMG17";"IMG17.JPG";"";"2016-04-30 00:00:00";"bill";"SELECTED";"17";
"18";"IMG18";"IMG18.JPG";"";"2016-11-13 00:00:00";"ticket";"SELECTED";"18";
"19";"IMG19";"IMG19.JPG";"";"2016-07-16 00:00:00";"receipt";"SELECTED";"19";
"20";"IMG20";"IMG20.JPG";"";"2016-07-30 00:00:00";"bill";"SELECTED";"20";
"21";"IMG21";"IMG21.JPG";"";"2016-08-11 00:00:00";"ticket";"SELECTED";"21";
"22";"IMG22";"IMG22.JPG";"";"2016-02-18 00:00:00";"receipt";"SELECTED";"22";
"23";"IMG23";"IMG23.JPG";"";"2016-02-29 00:00:00";"bill";"SELECTED";"23";
"24";"IMG24";"IMG24.JPG";"";"2015-12-25 00:00:00";"ticket";"SELECTED";"24";
"25";"IMG25";"IMG25.JPG";"";"2016-04-16 00:00:00";"receipt";"SELECTED";"25";
"26";"IMG26";"IMG26.JPG";"";"2016-05-21 00:00:00";"bill";"SELECTED";"26";
"27";"IMG27";"IMG27.JPG";"";"2016-08-27 00:00:00";"ticket";"SELECTED";"27";
"28";"IMG28";"IMG28.JPG";"";"2015-12-26 00:00:00";"receipt";"SELECTED";"28";
"29";"IMG29";"IMG29.JPG";"";"2016-08-24 00:00:00";"bill";"SELECTED";"29";
"30";"IMG30";"IMG30.JPG";"";"2016-07-11 00:00:00";"ticket";"SELECTED";"30";
"31";"IMG31";"IMG31.JPG";"";"2016-11-17 00:00:00";"receipt";"SELECTED";"31";
"32";"IMG32";"IMG32.JPG";"";"2016-06-04 00:00:00";"bill";"SELECTED";"32";
"33";"IMG33";"IMG33.JPG";"";"2016-07-01 00:00:00";"ticket";"SELECTED";"33";
"34";"IMG34";"IMG34.JPG";"";"2016-01-24 00:00:00";"receipt";"SELECTED";"34";
"35";"IMG35";"IMG35.JPG";"";"2016-12-18 00:00:00";"bill";"SELECTED";"35";
"36";"IMG36";"IMG36.JPG";"";"2015-12-04 00:00:00";"ticket";"SELECTED";"36";
"37";"IMG37";"IMG37.JPG";"";"2016-07-04 00:00:00";"receipt";"SELECTED";"37";
"38";"IMG38";"IMG38.JPG";"";"2016-11-22 00:00:00";"bill";"SELECTED";"38";
"39";"IMG39";"IMG39.JPG";"";"2016-10-28 00:00:00";"ticket";"SELECTED";"39";
"40";"IMG40";"IMG40.JPG";"";"2016-02-19 00:00:00";"receipt";"SELECTED";"40";
"41";"IMG41";"IMG41.JPG";"";"2016-04-13 00:00:00";"bill";"SELECTED";"41";
"42";"IMG42";"IMG42.JPG";"";"2015-12-18 00:00:00";"ticket";"SELECTED";"42";
"43";"IMG43";"IMG43.JPG";"";"2016-09-19 00:00:00";"receipt";"SELECTED";"43";
"44";"IMG44";"IMG44.JPG";"";"2016-05-11 00:00:00";"bill";"SELECTED";"44";
"45";"IMG45";"IMG45.JPG";"";"2016-04-16 00:00:00";"ticket";"SELECTED";"45";
"46";"IMG46";"IMG46.JPG";"";"2016-11-21 00:00:00";"receipt";"SELECTED";"46";
"47";"IMG47";"IMG47.JPG";"";"2016-10-19 00:00:00";"bill";"SELECTED";"47";
"48";"IMG48";"IMG48.JPG";"";"2016-06-12 00:00:00";"ticket";"SELECTED";"48";
"49";"IMG49";"IMG49.JPG";"";"2016-12-01 00:00:00";"receipt";"SELECTED";"49";
"50";"IMG50";"IMG50.JPG";"";"2016-03-14 00:00:00";"bill";"SELECTED";"50";
"51";"IMG51";"IMG51.JPG";"";"2016-05-05 00:00:00";"ticket";"SELECTED";"51";
"52";"IMG52";"IMG52.JPG";"";"2016-11-13 00:00:00";"receipt";"SELECTED";"52";
"53";"IMG53";"IMG53.JPG";"";"2016-07-25 00:00:00";"bill";"SELECTED";"53";
"54";"IMG54";"IMG54.JPG";"";"2016-12-04 00:00:00";"ticket";"SELECTED";"54";
"55";"IMG55";"IMG55.JPG";"";"2016-02-29 00:00:00";"receipt";"SELECTED";"55";
"56";"IMG56";"IMG56.JPG";"";"2016-03-14 00:00:00";"bill";"SELECTED";"56";
"57";"IMG57";"IMG57.JPG";"";"2016-04-17 00:00:00";"ticket";"SELECTED";"57";
"58";"IMG58";"IMG58.JPG";"";"2016-11-18 00:00:00";"receipt";"SELECTED";"58";
"59";"IMG59";"IMG59.JPG";"";"2015-12-30 00:00:00";"bill";"SELECTED";"59";
"60";"IMG60";"IMG60.JPG";"";"2016-04-25 00:00:00";"ticket";"SELECTED";"60";
"61";"IMG61";"IMG61.JPG";"";"2015-12-30 00:00:00";"receipt";"SELECTED";"61";
"62";"IMG62";"IMG62.JPG";"";"2016-11-20 00:00:00";"bill";"SELECTED";"62";
"63";"IMG63";"IMG63.JPG";"";"2016-10-22 00:00:00";"ticket";"SELECTED";"63";
"64";"IMG64";"IMG64.JPG";"";"2016-08-27 00:00:00";"receipt";"SELECTED";"64";
"65";"IMG65";"IMG65.JPG";"";"2015-12-16 00:00:00";"bill";"SELECTED";"65";
"66";"IMG66";"IMG66.JPG";"";"2016-06-01 00:00:00";"ticket";"SELECTED";"66";
"67";"IMG67";"IMG67.JPG";"";"2016-08-10 00:00:00";"receipt";"SELECTED";"67";
"68";"IMG68";"IMG68.JPG";"";"2016-02-20 00:00:00";"bill";"SELECTED";"68";
"69";"IMG69";"IMG69.JPG";"";"2016-01-18 00:00:00";"ticket";"SELECTED";"69";
"70";"IMG70";"IMG70.JPG";"";"2016-11-28 00:00:00";"receipt";"SELECTED";"70";
"71";"IMG71";"IMG71.JPG";"";"2016-09-26 00:00:00";"bill";"SELECTED";"71";
"72";"IMG72";"IMG72.JPG";"";"2016-05-01 00:00:00";"ticket";"SELECTED";"72";
"73";"IMG73";"IMG73.JPG";"";"2016-06-14 00:00:00";"receipt";"SELECTED";"73";
"74";"IMG74";"IMG74.JPG";"";"2016-01-02 00:00:00";"bill";"SELECTED";"74";
"75";"IMG75";"IMG75.JPG";"";"2016-03-04 00:00:00";"ticket";"SELECTED";"75";
"76";"IMG76";"IMG76.JPG";"";"2016-12-06 00:00:00";"receipt";"SELECTED";"76";
"77";"IMG77";"IMG77.JPG";"";"2016-07-23 00:00:00";"bill";"SELECTED";"77";
"78";"IMG78";"IMG78.JPG";"";"2016-03-25 00:00:00";"ticket";"SELECTED";"78";
"79";"IMG79";"IMG79.JPG";"";"2016-12-12 00:00:00";"receipt";"SELECTED";"79";
"80";"IMG80";"IMG80.JPG";"";"2016-12-07 00:00:00";"bill";"SELECTED";"80";
"81";"IMG81";"IMG81.JPG";"";"2016-01-11 00:00:00";"ticket";"SELECTED";"81";
"82";"IMG82";"IMG82.JPG";"";"2015-12-15 00:00:00";"receipt";"SELECTED";"82";
"83";"IMG83";"IMG83.JPG";"";"2016-01-31 00:00:00";"bill";"SELECTED";"83";
"84";"IMG84";"IMG84.JPG";"";"2016-03-08 00:00:00";"ticket";"SELECTED";"84";
"85";"IMG85";"IMG85.JPG";"";"2016-01-22 00:00:00";"receipt";"SELECTED";"85";
"86";"IMG86";"IMG86.JPG";"";"2016-10-24 00:00:00";"bill";"SELECTED";"86";
"87";"IMG87";"IMG87.JPG";"";"2015-12-28 00:00:00";"ticket";"SELECTED";"87";
"88";"IMG88";"IMG88.JPG";"";"2016-10-13 00:00:00";"receipt";"SELECTED";"88";
"89";"IMG89";"IMG89.JPG";"";"2016-04-11 00:00:00";"bill";"SELECTED";"89";
"90";"IMG90";"IMG90.JPG";"";"2016-02-23 00:00:00";"ticket";"SELECTED";"90";
"91";"IMG91";"IMG91.JPG";"";"2016-11-28 00:00:00";"receipt";"SELECTED";"91";
"92";"IMG92";"IMG92.JPG";"";"2016-07-26 00:00:00";"bill";"SELECTED";"92";
"93";"IMG93";"IMG93.JPG";"";"2016-03-11 00:00:00";"ticket";"SELECTED";"93";
"94";"IMG94";"IMG94.JPG";"";"2016-08-04 00:00:00";"receipt";"SELECTED";"94";
"95";"IMG95";"IMG95.JPG";"";"2016-02-27 00:00:00";"bill";"SELECTED";"95";
"96";"IMG96";"IMG96.JPG";"";"2016-04-30 00:00:00";"ticket";"SELECTED";"96";
"97";"IMG97";"IMG97.JPG";"";"2016-11-17 00:00:00";"receipt";"SELECTED";"97";
"98";"IMG98";"IMG98.JPG";"";"2016-09-22 00:00:00";"bill";"SELECTED";"98";
"99";"IMG99";"IMG99.JPG";"";"2016-09-23 00:00:00";"ticket";"SELECTED";"99";
"100";"IMG100";"IMG100.JPG";"";"2016-01-19 00:00:00";"receipt";"SELECTED";"100";
"101";"IMG101";"IMG101.JPG";"";"2016-06-11 00:00:00";"receipt";"SELECTED";"101";
"102";"IMG102";"IMG102.JPG";"";"2016-03-19 00:00:00";"bill";"SELECTED";"102";
"103";"IMG103";"IMG103.JPG";"";"2016-01-01 00:00:00";"ticket";"SELECTED";"103";
"104";"IMG104";"IMG104.JPG";"";"2016-05-31 00:00:00";"receipt";"SELECTED";"104";
"105";"IMG105";"IMG105.JPG";"";"2015-12-01 00:00:00";"bill";"SELECTED";"105";
"106";"IMG106";"IMG106.JPG";"";"2016-02-12 00:00:00";"ticket";"SELECTED";"106";
"107";"IMG107";"IMG107.JPG";"";"2016-10-27 00:00:00";"receipt";"SELECTED";"107";
"108";"IMG108";"IMG108.JPG";"";"2016-10-08 00:00:00";"bill";"SELECTED";"108";
"109";"IMG109";"IMG109.JPG";"";"2016-03-15 00:00:00";"ticket";"SELECTED";"109";
"110";"IMG110";"IMG110.JPG";"";"2015-12-01 00:00:00";"receipt";"SELECTED";"110";
"111";"IMG111";"IMG111.JPG";"";"2016-12-05 00:00:00";"bill";"SELECTED";"111";
"112";"IMG112";"IMG112.JPG";"";"2016-12-30 00:00:00";"ticket";"SELECTED";"112";
"113";"IMG113";"IMG113.JPG";"";"2016-06-14 00:00:00";"receipt";"SELECTED";"113";
"114";"IMG114";"IMG114.JPG";"";"2016-05-21 00:00:00";"bill";"SELECTED";"114";
"115";"IMG115";"IMG115.JPG";"";"2016-09-18 00:00:00";"ticket";"SELECTED";"115";
"116";"IMG116";"IMG116.JPG";"";"2016-08-03 00:00:00";"receipt";"SELECTED";"116";
"117";"IMG117";"IMG117.JPG";"";"2016-08-30 00:00:00";"bill";"SELECTED";"117";
"118";"IMG118";"IMG118.JPG";"";"2016-01-27 00:00:00";"ticket";"SELECTED";"118";
"119";"IMG119";"IMG119.JPG";"";"2016-02-12 00:00:00";"receipt";"SELECTED";"119";
"120";"IMG120";"IMG120.JPG";"";"2016-10-02 00:00:00";"bill";"SELECTED";"120";
"121";"IMG121";"IMG121.JPG";"";"2016-07-23 00:00:00";"ticket";"SELECTED";"121";
"122";"IMG122";"IMG122.JPG";"";"2016-09-03 00:00:00";"receipt";"SELECTED";"122";
"123";"IMG123";"IMG123.JPG";"";"2016-05-29 00:00:00";"bill";"SELECTED";"123";
"124";"IMG124";"IMG124.JPG";"";"2016-12-12 00:00:00";"ticket";"SELECTED";"124";
"125";"IMG125";"IMG125.JPG";"";"2016-08-27 00:00:00";"receipt";"SELECTED";"125";
"126";"IMG126";"IMG126.JPG";"";"2016-06-17 00:00:00";"bill";"SELECTED";"126";
"127";"IMG127";"IMG127.JPG";"";"2016-10-03 00:00:00";"ticket";"SELECTED";"127";
"128";"IMG128";"IMG128.JPG";"";"2015-12-17 00:00:00";"receipt";"SELECTED";"128";
"129";"IMG129";"IMG129.JPG";"";"2016-02-20 00:00:00";"bill";"SELECTED";"129";
"130";"IMG130";"IMG130.JPG";"";"2016-06-15 00:00:00";"ticket";"SELECTED";"130";
"131";"IMG131";"IMG131.JPG";"";"2015-12-01 00:00:00";"receipt";"SELECTED";"131";
"132";"IMG132";"IMG132.JPG";"";"2015-12-12 00:00:00";"bill";"SELECTED";"132";
"133";"IMG133";"IMG133.JPG";"";"2016-10-05 00:00:00";"ticket";"SELECTED";"133";
"134";"IMG134";"IMG134.JPG";"";"2016-04-08 00:00:00";"receipt";"SELECTED";"134";
"135";"IMG135";"IMG135.JPG";"";"2016-11-30 00:00:00";"bill";"SELECTED";"135";
"136";"IMG136";"IMG136.JPG";"";"2016-02-25 00:00:00";"ticket";"SELECTED";"136";
"137";"IMG137";"IMG137.JPG";"";"2016-03-09 00:00:00";"receipt";"SELECTED";"137";
"138";"IMG138";"IMG138.JPG";"";"2016-02-17 00:00:00";"bill";"SELECTED";"138";
"139";"IMG139";"IMG139.JPG";"";"2016-01-05 00:00:00";"ticket";"SELECTED";"139";
"140";"IMG140";"IMG140.JPG";"";"2016-08-23 00:00:00";"receipt";"SELECTED";"140";
"141";"IMG141";"IMG141.JPG";"";"2016-12-23 00:00:00";"bill";"SELECTED";"141";
"142";"IMG142";"IMG142.JPG";"";"2016-04-08 00:00:00";"ticket";"SELECTED";"142";
"143";"IMG143";"IMG143.JPG";"";"2016-07-05 00:00:00";"receipt";"SELECTED";"143";
"144";"IMG144";"IMG144.JPG";"";"2016-02-24 00:00:00";"bill";"SELECTED";"144";
"145";"IMG145";"IMG145.JPG";"";"2015-12-24 00:00:00";"ticket";"SELECTED";"145";
"146";"IMG146";"IMG146.JPG";"";"2016-03-22 00:00:00";"receipt";"SELECTED";"146";
"147";"IMG147";"IMG147.JPG";"";"2016-09-09 00:00:00";"bill";"SELECTED";"147";
"148";"IMG148";"IMG148.JPG";"";"2016-12-26 00:00:00";"ticket";"SELECTED";"148";
"149";"IMG149";"IMG149.JPG";"";"2016-11-22 00:00:00";"receipt";"SELECTED";"149";
"150";"IMG150";"IMG150.JPG";"";"2016-02-16 00:00:00";"bill";"SELECTED";"150";
"151";"IMG151";"IMG151.JPG";"";"2016-07-24 00:00:00";"ticket";"SELECTED";"151";
"152";"IMG152";"IMG152.JPG";"";"2016-04-11 00:00:00";"receipt";"SELECTED";"152";
"153";"IMG153";"IMG153.JPG";"";"2016-02-17 00:00:00";"bill";"SELECTED";"153";
"154";"IMG154";"IMG154.JPG";"";"2016-12-01 00:00:00";"ticket";"SELECTED";"154";
"155";"IMG155";"IMG155.JPG";"";"2016-05-12 00:00:00";"receipt";"SELECTED";"155";
"156";"IMG156";"IMG156.JPG";"";"2016-08-31 00:00:00";"bill";"SELECTED";"156";
"157";"IMG157";"IMG157.JPG";"";"2016-11-11 00:00:00";"ticket";"SELECTED";"157";
"158";"IMG158";"IMG158.JPG";"";"2016-12-17 00:00:00";"receipt";"SELECTED";"158";
"159";"IMG159";"IMG159.JPG";"";"2016-01-21 00:00:00";"bill";"SELECTED";"159";
"160";"IMG160";"IMG160.JPG";"";"2016-10-30 00:00:00";"ticket";"SELECTED";"160";
"161";"IMG161";"IMG161.JPG";"";"2016-04-23 00:00:00";"receipt";"SELECTED";"161";
"162";"IMG162";"IMG162.JPG";"";"2016-05-05 00:00:00";"bill";"SELECTED";"162";
"163";"IMG163";"IMG163.JPG";"";"2015-12-24 00:00:00";"ticket";"SELECTED";"163";
"164";"IMG164";"IMG164.JPG";"";"2015-12-14 00:00:00";"receipt";"SELECTED";"164";
"165";"IMG165";"IMG165.JPG";"";"2016-11-24 00:00:00";"bill";"SELECTED";"165";
"166";"IMG166";"IMG166.JPG";"";"2016-09-23 00:00:00";"ticket";"SELECTED";"166";
"167";"IMG167";"IMG167.JPG";"";"2016-05-11 00:00:00";"receipt";"SELECTED";"167";
"168";"IMG168";"IMG168.JPG";"";"2016-05-03 00:00:00";"bill";"SELECTED";"168";
"169";"IMG169";"IMG169.JPG";"";"2016-10-21 00:00:00";"ticket";"SELECTED";"169";
"170";"IMG170";"IMG170.JPG";"";"2016-11-06 00:00:00";"receipt";"SELECTED";"170";
"171";"IMG171";"IMG171.JPG";"";"2016-03-18 00:00:00";"bill";"SELECTED";"171";
"172";"IMG172";"IMG172.JPG";"";"2016-01-18 00:00:00";"ticket";"SELECTED";"172";
"173";"IMG173";"IMG173.JPG";"";"2016-07-08 00:00:00";"receipt";"SELECTED";"173";
"174";"IMG174";"IMG174.JPG";"";"2016-07-20 00:00:00";"bill";"SELECTED";"174";
"175";"IMG175";"IMG175.JPG";"";"2015-12-21 00:00:00";"ticket";"SELECTED";"175";
"176";"IMG176";"IMG176.JPG";"";"2016-11-18 00:00:00";"receipt";"SELECTED";"176";
"177";"IMG177";"IMG177.JPG";"";"2016-06-11 00:00:00";"bill";"SELECTED";"177";
"178";"IMG178";"IMG178.JPG";"";"2016-12-12 00:00:00";"ticket";"SELECTED";"178";
"179";"IMG179";"IMG179.JPG";"";"2016-08-19 00:00:00";"receipt";"SELECTED";"179";
"180";"IMG180";"IMG180.JPG";"";"2016-04-12 00:00:00";"bill";"SELECTED";"180";
"181";"IMG181";"IMG181.JPG";"";"2016-08-06 00:00:00";"ticket";"SELECTED";"181";
"182";"IMG182";"IMG182.JPG";"";"2016-06-06 00:00:00";"receipt";"SELECTED";"182";
"183";"IMG183";"IMG183.JPG";"";"2016-01-20 00:00:00";"bill";"SELECTED";"183";
"184";"IMG184";"IMG184.JPG";"";"2016-12-05 00:00:00";"ticket";"SELECTED";"184";
"185";"IMG185";"IMG185.JPG";"";"2016-11-11 00:00:00";"receipt";"SELECTED";"185";
"186";"IMG186";"IMG186.JPG";"";"2015-12-14 00:00:00";"bill";"SELECTED";"186";
"187";"IMG187";"IMG187.JPG";"";"2016-07-02 00:00:00";"ticket";"SELECTED";"187";
"188";"IMG188";"IMG188.JPG";"";"2016-04-22 00:00:00";"receipt";"SELECTED";"188";
"189";"IMG189";"IMG189.JPG";"";"2016-04-09 00:00:00";"bill";"SELECTED";"189";
"190";"IMG190";"IMG190.JPG";"";"2016-07-31 00:00:00";"ticket";"SELECTED";"190";
"191";"IMG191";"IMG191.JPG";"";"2016-11-20 00:00:00";"receipt";"SELECTED";"191";
"192";"IMG192";"IMG192.JPG";"";"2016-04-02 00:00:00";"bill";"SELECTED";"192";
"193";"IMG193";"IMG193.JPG";"";"2016-10-09 00:00:00";"ticket";"SELECTED";"193";
"194";"IMG194";"IMG194.JPG";"";"2016-12-11 00:00:00";"receipt";"SELECTED";"194";
"195";"IMG195";"IMG195.JPG";"";"2016-03-01 00:00:00";"bill";"SELECTED";"195";
"196";"IMG196";"IMG196.JPG";"";"2016-05-13 00:00:00";"ticket";"SELECTED";"196";
"197";"IMG197";"IMG197.JPG";"";"2016-03-11 00:00:00";"receipt";"SELECTED";"197";
"198";"IMG198";"IMG198.JPG";"";"2016-01-06 00:00:00";"bill";"SELECTED";"198";
"199";"IMG199";"IMG199.JPG";"";"2016-11-14 00:00:00";"ticket";"SELECTED";"199";
"200";"IMG200";"IMG200.JPG";"";"2016-12-22 00:00:00";"receipt";"SELECTED";"200";
"201";"IMG201";"IMG201.JPG";"";"2016-07-10 00:00:00";"receipt";"SELECTED";"201";
"202";"IMG202";"IMG202.JPG";"";"2016-12-26 00:00:00";"bill";"SELECTED";"202";
"203";"IMG203";"IMG203.JPG";"";"2015-12-27 00:00:00";"ticket";"SELECTED";"203";
"204";"IMG204";"IMG204.JPG";"";"2016-11-01 00:00:00";"receipt";"SELECTED";"204";
"205";"IMG205";"IMG205.JPG";"";"2016-12-04 00:00:00";"bill";"SELECTED";"205";
"206";"IMG206";"IMG206.JPG";"";"2016-04-29 00:00:00";"ticket";"SELECTED";"206";
"207";"IMG207";"IMG207.JPG";"";"2016-10-24 00:00:00";"receipt";"SELECTED";"207";
"208";"IMG208";"IMG208.JPG";"";"2016-07-05 00:00:00";"bill";"SELECTED";"208";
"209";"IMG209";"IMG209.JPG";"";"2016-04-18 00:00:00";"ticket";"SELECTED";"209";
"210";"IMG210";"IMG210.JPG";"";"2016-11-04 00:00:00";"receipt";"SELECTED";"210";
"211";"IMG211";"IMG211.JPG";"";"2016-05-26 00:00:00";"bill";"SELECTED";"211";
"212";"IMG212";"IMG212.JPG";"";"2016-06-25 00:00:00";"ticket";"SELECTED";"212";
"213";"IMG213";"IMG213.JPG";"";"2016-04-02 00:00:00";"receipt";"SELECTED";"213";
"214";"IMG214";"IMG214.JPG";"";"2016-10-12 00:00:00";"bill";"SELECTED";"214";
"215";"IMG215";"IMG215.JPG";"";"2016-01-15 00:00:00";"ticket";"SELECTED";"215";
"216";"IMG216";"IMG216.JPG";"";"2016-08-19 00:00:00";"receipt";"SELECTED";"216";
"217";"IMG217";"IMG217.JPG";"";"2016-11-04 00:00:00";"bill";"SELECTED";"217";
"218";"IMG218";"IMG218.JPG";"";"2016-08-05 00:00:00";"ticket";"SELECTED";"218";
"219";"IMG219";"IMG219.JPG";"";"2016-01-22 00:00:00";"receipt";"SELECTED";"219";
"220";"IMG220";"IMG220.JPG";"";"2016-12-10 00:00:00";"bill";"SELECTED";"220";
"221";"IMG221";"IMG221.JPG";"";"2016-07-10 00:00:00";"ticket";"SELECTED";"221";
"222";"IMG222";"IMG222.JPG";"";"2016-03-31 00:00:00";"receipt";"SELECTED";"222";
"223";"IMG223";"IMG223.JPG";"";"2016-09-23 00:00:00";"bill";"SELECTED";"223";
"224";"IMG224";"IMG224.JPG";"";"2016-08-06 00:00:00";"ticket";"SELECTED";"224";
"225";"IMG225";"IMG225.JPG";"";"2016-10-20 00:00:00";"receipt";"SELECTED";"225";
"226";"IMG226";"IMG226.JPG";"";"2016-08-23 00:00:00";"bill";"SELECTED";"226";
"227";"IMG227";"IMG227.JPG";"";"2016-11-29 00:00:00";"ticket";"SELECTED";"227";
"228";"IMG228";"IMG228.JPG";"";"2015-12-03 00:00:00";"receipt";"SELECTED";"228";
"229";"IMG229";"IMG229.JPG";"";"2016-06-03 00:00:00";"bill";"SELECTED";"229";
"230";"IMG230";"IMG230.JPG";"";"2016-08-08 00:00:00";"ticket";"SELECTED";"230";
"231";"IMG231";"IMG231.JPG";"";"2016-11-23 00:00:00";"receipt";"SELECTED";"231";
"232";"IMG232";"IMG232.JPG";"";"2016-01-02 00:00:00";"bill";"SELECTED";"232";
"233";"IMG233";"IMG233.JPG";"";"2016-12-02 00:00:00";"ticket";"SELECTED";"233";
"234";"IMG234";"IMG234.JPG";"";"2016-05-08 00:00:00";"receipt";"SELECTED";"234";
"235";"IMG235";"IMG235.JPG";"";"2016-12-14 00:00:00";"bill";"SELECTED";"235";
"236";"IMG236";"IMG236.JPG";"";"2016-07-24 00:00:00";"ticket";"SELECTED";"236";
"237";"IMG237";"IMG237.JPG";"";"2016-04-30 00:00:00";"receipt";"SELECTED";"237";
"238";"IMG238";"IMG238.JPG";"";"2016-11-11 00:00:00";"bill";"SELECTED";"238";
"239";"IMG239";"IMG239.JPG";"";"2016-08-03 00:00:00";"ticket";"SELECTED";"239";
"240";"IMG240";"IMG240.JPG";"";"2016-06-11 00:00:00";"receipt";"SELECTED";"240";
"241";"IMG241";"IMG241.JPG";"";"2016-02-19 00:00:00";"bill";"SELECTED";"241";
"242";"IMG242";"IMG242.JPG";"";"2016-04-19 00:00:00";"ticket";"SELECTED";"242";
"243";"IMG243";"IMG243.JPG";"";"2016-09-25 00:00:00";"receipt";"SELECTED";"243";
"244";"IMG244";"IMG244.JPG";"";"2016-01-14 00:00:00";"bill";"SELECTED";"244";
"245";"IMG245";"IMG245.JPG";"";"2016-05-04 00:00:00";"ticket";"SELECTED";"245";
"246";"IMG246";"IMG246.JPG";"";"2016-02-08 00:00:00";"receipt";"SELECTED";"246";
"247";"IMG247";"IMG247.JPG";"";"2016-06-07 00:00:00";"bill";"SELECTED";"247";
"248";"IMG248";"IMG248.JPG";"";"2016-05-23 00:00:00";"ticket";"SELECTED";"248";
"249";"IMG249";"IMG249.JPG";"";"2016-09-01 00:00:00";"receipt";"SELECTED";"249";
"250";"IMG250";"IMG250.JPG";"";"2016-09-11 00:00:00";"bill";"SELECTED";"250";
"251";"IMG251";"IMG251.JPG";"";"2015-12-02 00:00:00";"ticket";"SELECTED";"251";
"252";"IMG252";"IMG252.JPG";"";"2016-12-10 00:00:00";"receipt";"SELECTED";"252";
"253";"IMG253";"IMG253.JPG";"";"2016-09-01 00:00:00";"bill";"SELECTED";"253";
"254";"IMG254";"IMG254.JPG";"";"2016-09-29 00:00:00";"ticket";"SELECTED";"254";
"255";"IMG255";"IMG255.JPG";"";"2016-07-30 00:00:00";"receipt";"SELECTED";"255";
"256";"IMG256";"IMG256.JPG";"";"2016-03-11 00:00:00";"bill";"SELECTED";"256";
"257";"IMG257";"IMG257.JPG";"";"2015-12-04 00:00:00";"ticket";"SELECTED";"257";
"258";"IMG258";"IMG258.JPG";"";"2016-12-24 00:00:00";"receipt";"SELECTED";"258";
"259";"IMG259";"IMG259.JPG";"";"2016-09-07 00:00:00";"bill";"SELECTED";"259";
"260";"IMG260";"IMG260.JPG";"";"2016-12-19 00:00:00";"ticket";"SELECTED";"260";
"261";"IMG261";"IMG261.JPG";"";"2016-10-12 00:00:00";"receipt";"SELECTED";"261";
"262";"IMG262";"IMG262.JPG";"";"2016-12-07 00:00:00";"bill";"SELECTED";"262";
"263";"IMG263";"IMG263.JPG";"";"2016-06-24 00:00:00";"ticket";"SELECTED";"263";
"264";"IMG264";"IMG264.JPG";"";"2016-04-19 00:00:00";"receipt";"SELECTED";"264";
"265";"IMG265";"IMG265.JPG";"";"2016-11-16 00:00:00";"bill";"SELECTED";"265";
"266";"IMG266";"IMG266.JPG";"";"2016-06-17 00:00:00";"ticket";"SELECTED";"266";
"267";"IMG267";"IMG267.JPG";"";"2016-01-03 00:00:00";"receipt";"SELECTED";"267";
"268";"IMG268";"IMG268.JPG";"";"2016-02-13 00:00:00";"bill";"SELECTED";"268";
"269";"IMG269";"IMG269.JPG";"";"2016-02-28 00:00:00";"ticket";"SELECTED";"269";
"270";"IMG270";"IMG270.JPG";"";"2016-10-05 00:00:00";"receipt";"SELECTED";"270";
"271";"IMG271";"IMG271.JPG";"";"2016-08-30 00:00:00";"bill";"SELECTED";"271";
"272";"IMG272";"IMG272.JPG";"";"2016-07-28 00:00:00";"ticket";"SELECTED";"272";
"273";"IMG273";"IMG273.JPG";"";"2016-07-12 00:00:00";"receipt";"SELECTED";"273";
"274";"IMG274";"IMG274.JPG";"";"2016-03-15 00:00:00";"bill";"SELECTED";"274";
"275";"IMG275";"IMG275.JPG";"";"2016-06-05 00:00:00";"ticket";"SELECTED";"275";
"276";"IMG276";"IMG276.JPG";"";"2016-09-18 00:00:00";"receipt";"SELECTED";"276";
"277";"IMG277";"IMG277.JPG";"";"2016-01-05 00:00:00";"bill";"SELECTED";"277";
"278";"IMG278";"IMG278.JPG";"";"2015-12-16 00:00:00";"ticket";"SELECTED";"278";
"279";"IMG279";"IMG279.JPG";"";"2016-07-01 00:00:00";"receipt";"SELECTED";"279";
"280";"IMG280";"IMG280.JPG";"";"2016-07-07 00:00:00";"bill";"SELECTED";"280";
"281";"IMG281";"IMG281.JPG";"";"2016-09-11 00:00:00";"ticket";"SELECTED";"281";
"282";"IMG282";"IMG282.JPG";"";"2015-12-28 00:00:00";"receipt";"SELECTED";"282";
"283";"IMG283";"IMG283.JPG";"";"2016-04-07 00:00:00";"bill";"SELECTED";"283";
"284";"IMG284";"IMG284.JPG";"";"2016-07-26 00:00:00";"ticket";"SELECTED";"284";
"285";"IMG285";"IMG285.JPG";"";"2016-08-27 00:00:00";"receipt";"SELECTED";"285";
"286";"IMG286";"IMG286.JPG";"";"2016-03-13 00:00:00";"bill";"SELECTED";"286";
"287";"IMG287";"IMG287.JPG";"";"2016-08-13 00:00:00";"ticket";"SELECTED";"287";
"288";"IMG288";"IMG288.JPG";"";"2016-03-26 00:00:00";"receipt";"SELECTED";"288";
"289";"IMG289";"IMG289.JPG";"";"2016-10-11 00:00:00";"bill";"SELECTED";"289";
"290";"IMG290";"IMG290.JPG";"";"2016-05-26 00:00:00";"ticket";"SELECTED";"290";
"291";"IMG291";"IMG291.JPG";"";"2016-09-02 00:00:00";"receipt";"SELECTED";"291";
"292";"IMG292";"IMG292.JPG";"";"2016-02-04 00:00:00";"bill";"SELECTED";"292";
"293";"IMG293";"IMG293.JPG";"";"2016-01-30 00:00:00";"ticket";"SELECTED";"293";
"294";"IMG294";"IMG294.JPG";"";"2016-10-14 00:00:00";"receipt";"SELECTED";"294";
"295";"IMG295";"IMG295.JPG";"";"2016-06-29 00:00:00";"bill";"SELECTED";"295";
"296";"IMG296";"IMG296.JPG";"";"2016-07-22 00:00:00";"ticket";"SELECTED";"296";
"297";"IMG297";"IMG297.JPG";"";"2016-08-02 00:00:00";"receipt";"SELECTED";"297";
"298";"IMG298";"IMG298.JPG";"";"2016-08-21 00:00:00";"bill";"SELECTED";"298";
"299";"IMG299";"IMG299.JPG";"";"2016-05-23 00:00:00";"ticket";"SELECTED";"299";
"300";"IMG300";"IMG300.JPG";"";"2016-12-26 00:00:00";"receipt";"SELECTED";"300";
"301";"IMG301";"IMG301.JPG";"";"2016-08-31 00:00:00";"receipt";"SELECTED";"301";
"302";"IMG302";"IMG302.JPG";"";"2016-05-09 00:00:00";"bill";"SELECTED";"302";
"303";"IMG303";"IMG303.JPG";"";"2016-05-15 00:00:00";"ticket";"SELECTED";"303";
"304";"IMG304";"IMG304.JPG";"";"2015-12-31 00:00:00";"receipt";"SELECTED";"304";
"305";"IMG305";"IMG305.JPG";"";"2016-08-21 00:00:00";"bill";"SELECTED";"305";
"306";"IMG306";"IMG306.JPG";"";"2016-07-11 00:00:00";"ticket";"SELECTED";"306";
"307";"IMG307";"IMG307.JPG";"";"2016-01-13 00:00:00";"receipt";"SELECTED";"307";
"308";"IMG308";"IMG308.JPG";"";"2016-06-02 00:00:00";"bill";"SELECTED";"308";
"309";"IMG309";"IMG309.JPG";"";"2016-04-14 00:00:00";"ticket";"SELECTED";"309";
"310";"IMG310";"IMG310.JPG";"";"2016-09-02 00:00:00";"receipt";"SELECTED";"310";
"311";"IMG311";"IMG311.JPG";"";"2016-12-18 00:00:00";"bill";"SELECTED";"311";
"312";"IMG312";"IMG312.JPG";"";"2016-04-28 00:00:00";"ticket";"SELECTED";"312";
"313";"IMG313";"IMG313.JPG";"";"2016-05-17 00:00:00";"receipt";"SELECTED";"313";
"314";"IMG314";"IMG314.JPG";"";"2016-01-23 00:00:00";"bill";"SELECTED";"314";
"315";"IMG315";"IMG315.JPG";"";"2016-11-16 00:00:00";"ticket";"SELECTED";"315";
"316";"IMG316";"IMG316.JPG";"";"2016-07-12 00:00:00";"receipt";"SELECTED";"316";
"317";"IMG317";"IMG317.JPG";"";"2016-08-29 00:00:00";"bill";"SELECTED";"317";
"318";"IMG318";"IMG318.JPG";"";"2016-10-29 00:00:00";"ticket";"SELECTED";"318";
"319";"IMG319";"IMG319.JPG";"";"2016-06-28 00:00:00";"receipt";"SELECTED";"319";
"320";"IMG320";"IMG320.JPG";"";"2016-03-16 00:00:00";"bill";"SELECTED";"320";
"321";"IMG321";"IMG321.JPG";"";"2016-09-20 00:00:00";"ticket";"SELECTED";"321";
"322";"IMG322";"IMG322.JPG";"";"2016-03-27 00:00:00";"receipt";"SELECTED";"322";
"323";"IMG323";"IMG323.JPG";"";"2016-08-23 00:00:00";"bill";"SELECTED";"323";
"324";"IMG324";"IMG324.JPG";"";"2016-02-27 00:00:00";"ticket";"SELECTED";"324";
"325";"IMG325";"IMG325.JPG";"";"2016-01-18 00:00:00";"receipt";"SELECTED";"325";
"326";"IMG326";"IMG326.JPG";"";"2016-08-16 00:00:00";"bill";"SELECTED";"326";
"327";"IMG327";"IMG327.JPG";"";"2016-08-28 00:00:00";"ticket";"SELECTED";"327";
"328";"IMG328";"IMG328.JPG";"";"2016-01-16 00:00:00";"receipt";"SELECTED";"328";
"329";"IMG329";"IMG329.JPG";"";"2015-12-16 00:00:00";"bill";"SELECTED";"329";
"330";"IMG330";"IMG330.JPG";"";"2016-10-02 00:00:00";"ticket";"SELECTED";"330";
"331";"IMG331";"IMG331.JPG";"";"2016-02-09 00:00:00";"receipt";"SELECTED";"331";
"332";"IMG332";"IMG332.JPG";"";"2016-04-02 00:00:00";"bill";"SELECTED";"332";
"333";"IMG333";"IMG333.JPG";"";"2016-02-07 00:00:00";"ticket";"SELECTED";"333";
"334";"IMG334";"IMG334.JPG";"";"2016-03-05 00:00:00";"receipt";"SELECTED";"334";
"335";"IMG335";"IMG335.JPG";"";"2016-02-23 00:00:00";"bill";"SELECTED";"335";
"336";"IMG336";"IMG336.JPG";"";"2016-05-27 00:00:00";"ticket";"SELECTED";"336";
"337";"IMG337";"IMG337.JPG";"";"2016-02-21 00:00:00";"receipt";"SELECTED";"337";
"338";"IMG338";"IMG338.JPG";"";"2016-02-05 00:00:00";"bill";"SELECTED";"338";
"339";"IMG339";"IMG339.JPG";"";"2016-04-17 00:00:00";"ticket";"SELECTED";"339";
"340";"IMG340";"IMG340.JPG";"";"2016-02-18 00:00:00";"receipt";"SELECTED";"340";
"341";"IMG341";"IMG341.JPG";"";"2016-10-20 00:00:00";"bill";"SELECTED";"341";
"342";"IMG342";"IMG342.JPG";"";"2016-01-12 00:00:00";"ticket";"SELECTED";"342";
"343";"IMG343";"IMG343.JPG";"";"2016-05-18 00:00:00";"receipt";"SELECTED";"343";
"344";"IMG344";"IMG344.JPG";"";"2016-10-19 00:00:00";"bill";"SELECTED";"344";
"345";"IMG345";"IMG345.JPG";"";"2015-12-17 00:00:00";"ticket";"SELECTED";"345";
"346";"IMG346";"IMG346.JPG";"";"2016-09-02 00:00:00";"receipt";"SELECTED";"346";
"347";"IMG347";"IMG347.JPG";"";"2016-05-18 00:00:00";"bill";"SELECTED";"347";
"348";"IMG348";"IMG348.JPG";"";"2016-02-04 00:00:00";"ticket";"SELECTED";"348";
"349";"IMG349";"IMG349.JPG";"";"2016-12-14 00:00:00";"receipt";"SELECTED";"349";
"350";"IMG350";"IMG350.JPG";"";"2015-12-26 00:00:00";"bill";"SELECTED";"350";
"351";"IMG351";"IMG351.JPG";"";"2016-05-10 00:00:00";"ticket";"SELECTED";"351";
"352";"IMG352";"IMG352.JPG";"";"2016-10-06 00:00:00";"receipt";"SELECTED";"352";
"353";"IMG353";"IMG353.JPG";"";"2016-11-30 00:00:00";"bill";"SELECTED";"353";
"354";"IMG354";"IMG354.JPG";"";"2016-06-17 00:00:00";"ticket";"SELECTED";"354";
"355";"IMG355";"IMG355.JPG";"";"2016-04-30 00:00:00";"receipt";"SELECTED";"355";
"356";"IMG356";"IMG356.JPG";"";"2016-02-09 00:00:00";"bill";"SELECTED";"356";
"357";"IMG357";"IMG357.JPG";"";"2016-07-05 00:00:00";"ticket";"SELECTED";"357";
"358";"IMG358";"IMG358.JPG";"";"2016-10-30 00:00:00";"receipt";"SELECTED";"358";
"359";"IMG359";"IMG359.JPG";"";"2016-06-13 00:00:00";"bill";"SELECTED";"359";
"360";"IMG360";"IMG360.JPG";"";"2016-05-01 00:00:00";"ticket";"SELECTED";"360";
"361";"IMG361";"IMG361.JPG";"";"2016-01-15 00:00:00";"receipt";"SELECTED";"361";
"362";"IMG362";"IMG362.JPG";"";"2016-05-24 00:00:00";"bill";"SELECTED";"362";
"363";"IMG363";"IMG363.JPG";"";"2016-06-01 00:00:00";"ticket";"SELECTED";"363";
"364";"IMG364";"IMG364.JPG";"";"2015-12-08 00:00:00";"receipt";"SELECTED";"364";
"365";"IMG365";"IMG365.JPG";"";"2016-07-09 00:00:00";"bill";"SELECTED";"365";
"366";"IMG366";"IMG366.JPG";"";"2016-09-23 00:00:00";"ticket";"SELECTED";"366";
"367";"IMG367";"IMG367.JPG";"";"2016-07-09 00:00:00";"receipt";"SELECTED";"367";
"368";"IMG368";"IMG368.JPG";"";"2016-12-15 00:00:00";"bill";"SELECTED";"368";
"369";"IMG369";"IMG369.JPG";"";"2016-10-04 00:00:00";"ticket";"SELECTED";"369";
"370";"IMG370";"IMG370.JPG";"";"2016-02-18 00:00:00";"receipt";"SELECTED";"370";
"371";"IMG371";"IMG371.JPG";"";"2015-12-30 00:00:00";"bill";"SELECTED";"371";
"372";"IMG372";"IMG372.JPG";"";"2016-09-29 00:00:00";"ticket";"SELECTED";"372";
"373";"IMG373";"IMG373.JPG";"";"2016-11-22 00:00:00";"receipt";"SELECTED";"373";
"374";"IMG374";"IMG374.JPG";"";"2016-03-13 00:00:00";"bill";"SELECTED";"374";
"375";"IMG375";"IMG375.JPG";"";"2015-12-17 00:00:00";"ticket";"SELECTED";"375";
"376";"IMG376";"IMG376.JPG";"";"2015-12-22 00:00:00";"receipt";"SELECTED";"376";
"377";"IMG377";"IMG377.JPG";"";"2016-03-31 00:00:00";"bill";"SELECTED";"377";
"378";"IMG378";"IMG378.JPG";"";"2016-10-23 00:00:00";"ticket";"SELECTED";"378";
"379";"IMG379";"IMG379.JPG";"";"2015-12-05 00:00:00";"receipt";"SELECTED";"379";
"380";"IMG380";"IMG380.JPG";"";"2016-04-08 00:00:00";"bill";"SELECTED";"380";
"381";"IMG381";"IMG381.JPG";"";"2015-12-21 00:00:00";"ticket";"SELECTED";"381";
"382";"IMG382";"IMG382.JPG";"";"2016-03-08 00:00:00";"receipt";"SELECTED";"382";
"383";"IMG383";"IMG383.JPG";"";"2016-07-19 00:00:00";"bill";"SELECTED";"383";
"384";"IMG384";"IMG384.JPG";"";"2016-07-26 00:00:00";"ticket";"SELECTED";"384";
"385";"IMG385";"IMG385.JPG";"";"2016-03-12 00:00:00";"receipt";"SELECTED";"385";
"386";"IMG386";"IMG386.JPG";"";"2016-07-27 00:00:00";"bill";"SELECTED";"386";
"387";"IMG387";"IMG387.JPG";"";"2016-05-22 00:00:00";"ticket";"SELECTED";"387";
"388";"IMG388";"IMG388.JPG";"";"2016-12-08 00:00:00";"receipt";"SELECTED";"388";
"389";"IMG389";"IMG389.JPG";"";"2016-10-26 00:00:00";"bill";"SELECTED";"389";
"390";"IMG390";"IMG390.JPG";"";"2016-02-07 00:00:00";"ticket";"SELECTED";"390";
"391";"IMG391";"IMG391.JPG";"";"2016-07-04 00:00:00";"receipt";"SELECTED";"391";
"392";"IMG392";"IMG392.JPG";"";"2016-10-15 00:00:00";"bill";"SELECTED";"392";
"393";"IMG393";"IMG393.JPG";"";"2016-07-04 00:00:00";"ticket";"SELECTED";"393";
"394";"IMG394";"IMG394.JPG";"";"2016-05-11 00:00:00";"receipt";"SELECTED";"394";
"395";"IMG395";"IMG395.JPG";"";"2016-05-19 00:00:00";"bill";"SELECTED";"395";
"396";"IMG396";"IMG396.JPG";"";"2016-07-01 00:00:00";"ticket";"SELECTED";"396";
"397";"IMG397";"IMG397.JPG";"";"2016-09-23 00:00:00";"receipt";"SELECTED";"397";
"398";"IMG398";"IMG398.JPG";"";"2016-09-17 00:00:00";"bill";"SELECTED";"398";
"399";"IMG399";"IMG399.JPG";"";"2016-03-06 00:00:00";"ticket";"SELECTED";"399";
"400";"IMG400";"IMG400.JPG";"";"2016-09-26 00:00:00";"receipt";"SELECTED";"400";
"401";"IMG401";"IMG401.JPG";"";"2016-09-07 00:00:00";"receipt";"SELECTED";"401";
"402";"IMG402";"IMG402.JPG";"";"2016-04-16 00:00:00";"bill";"SELECTED";"402";
"403";"IMG403";"IMG403.JPG";"";"2016-01-07 00:00:00";"ticket";"SELECTED";"403";
"404";"IMG404";"IMG404.JPG";"";"2016-08-01 00:00:00";"receipt";"SELECTED";"404";
"405";"IMG405";"IMG405.JPG";"";"2016-01-23 00:00:00";"bill";"SELECTED";"405";
"406";"IMG406";"IMG406.JPG";"";"2016-01-31 00:00:00";"ticket";"SELECTED";"406";
"407";"IMG407";"IMG407.JPG";"";"2016-09-10 00:00:00";"receipt";"SELECTED";"407";
"408";"IMG408";"IMG408.JPG";"";"2016-04-21 00:00:00";"bill";"SELECTED";"408";
"409";"IMG409";"IMG409.JPG";"";"2016-06-08 00:00:00";"ticket";"SELECTED";"409";
"410";"IMG410";"IMG410.JPG";"";"2016-10-14 00:00:00";"receipt";"SELECTED";"410";
"411";"IMG411";"IMG411.JPG";"";"2015-12-14 00:00:00";"bill";"SELECTED";"411";
"412";"IMG412";"IMG412.JPG";"";"2016-12-20 00:00:00";"ticket";"SELECTED";"412";
"413";"IMG413";"IMG413.JPG";"";"2016-06-14 00:00:00";"receipt";"SELECTED";"413";
"414";"IMG414";"IMG414.JPG";"";"2016-07-07 00:00:00";"bill";"SELECTED";"414";
"415";"IMG415";"IMG415.JPG";"";"2016-05-09 00:00:00";"ticket";"SELECTED";"415";
"416";"IMG416";"IMG416.JPG";"";"2016-10-08 00:00:00";"receipt";"SELECTED";"416";
"417";"IMG417";"IMG417.JPG";"";"2016-03-21 00:00:00";"bill";"SELECTED";"417";
"418";"IMG418";"IMG418.JPG";"";"2016-03-08 00:00:00";"ticket";"SELECTED";"418";
"419";"IMG419";"IMG419.JPG";"";"2016-02-07 00:00:00";"receipt";"SELECTED";"419";
"420";"IMG420";"IMG420.JPG";"";"2016-04-17 00:00:00";"bill";"SELECTED";"420";
"421";"IMG421";"IMG421.JPG";"";"2016-08-26 00:00:00";"ticket";"SELECTED";"421";
"422";"IMG422";"IMG422.JPG";"";"2016-10-13 00:00:00";"receipt";"SELECTED";"422";
"423";"IMG423";"IMG423.JPG";"";"2016-10-17 00:00:00";"bill";"SELECTED";"423";
"424";"IMG424";"IMG424.JPG";"";"2016-01-20 00:00:00";"ticket";"SELECTED";"424";
"425";"IMG425";"IMG425.JPG";"";"2016-02-10 00:00:00";"receipt";"SELECTED";"425";
"426";"IMG426";"IMG426.JPG";"";"2016-07-16 00:00:00";"bill";"SELECTED";"426";
"427";"IMG427";"IMG427.JPG";"";"2016-09-05 00:00:00";"ticket";"SELECTED";"427";
"428";"IMG428";"IMG428.JPG";"";"2016-06-19 00:00:00";"receipt";"SELECTED";"428";
"429";"IMG429";"IMG429.JPG";"";"2015-12-21 00:00:00";"bill";"SELECTED";"429";
"430";"IMG430";"IMG430.JPG";"";"2016-12-21 00:00:00";"ticket";"SELECTED";"430";
"431";"IMG431";"IMG431.JPG";"";"2016-07-25 00:00:00";"receipt";"SELECTED";"431";
"432";"IMG432";"IMG432.JPG";"";"2016-04-04 00:00:00";"bill";"SELECTED";"432";
"433";"IMG433";"IMG433.JPG";"";"2016-09-03 00:00:00";"ticket";"SELECTED";"433";
"434";"IMG434";"IMG434.JPG";"";"2016-05-10 00:00:00";"receipt";"SELECTED";"434";
"435";"IMG435";"IMG435.JPG";"";"2016-05-21 00:00:00";"bill";"SELECTED";"435";
"436";"IMG436";"IMG436.JPG";"";"2016-04-06 00:00:00";"ticket";"SELECTED";"436";
"437";"IMG437";"IMG437.JPG";"";"2016-05-17 00:00:00";"receipt";"SELECTED";"437";
"438";"IMG438";"IMG438.JPG";"";"2016-08-18 00:00:00";"bill";"SELECTED";"438";
"439";"IMG439";"IMG439.JPG";"";"2015-12-01 00:00:00";"ticket";"SELECTED";"439";
"440";"IMG440";"IMG440.JPG";"";"2016-05-07 00:00:00";"receipt";"SELECTED";"440";
"441";"IMG441";"IMG441.JPG";"";"2016-01-04 00:00:00";"bill";"SELECTED";"441";
"442";"IMG442";"IMG442.JPG";"";"2016-07-19 00:00:00";"ticket";"SELECTED";"442";
"443";"IMG443";"IMG443.JPG";"";"2016-11-21 00:00:00";"receipt";"SELECTED";"443";
"444";"IMG444";"IMG444.JPG";"";"2016-10-09 00:00:00";"bill";"SELECTED";"444";
"445";"IMG445";"IMG445.JPG";"";"2016-10-02 00:00:00";"ticket";"SELECTED";"445";
"446";"IMG446";"IMG446.JPG";"";"2016-09-16 00:00:00";"receipt";"SELECTED";"446";
"447";"IMG447";"IMG447.JPG";"";"2016-02-02 00:00:00";"bill";"SELECTED";"447";
"448";"IMG448";"IMG448.JPG";"";"2016-07-24 00:00:00";"ticket";"SELECTED";"448";
"449";"IMG449";"IMG449.JPG";"";"2016-10-26 00:00:00";"receipt";"SELECTED";"449";
"450";"IMG450";"IMG450.JPG";"";"2015-12-30 00:00:00";"bill";"SELECTED";"450";
"451";"IMG451";"IMG451.JPG";"";"2016-06-24 00:00:00";"ticket";"SELECTED";"451";
"452";"IMG452";"IMG452.JPG";"";"2016-10-19 00:00:00";"receipt";"SELECTED";"452";
"453";"IMG453";"IMG453.JPG";"";"2016-01-13 00:00:00";"bill";"SELECTED";"453";
"454";"IMG454";"IMG454.JPG";"";"2016-06-08 00:00:00";"ticket";"SELECTED";"454";
"455";"IMG455";"IMG455.JPG";"";"2016-04-19 00:00:00";"receipt";"SELECTED";"455";
"456";"IMG456";"IMG456.JPG";"";"2016-08-07 00:00:00";"bill";"SELECTED";"456";
"457";"IMG457";"IMG457.JPG";"";"2016-06-07 00:00:00";"ticket";"SELECTED";"457";
"458";"IMG458";"IMG458.JPG";"";"2016-02-25 00:00:00";"receipt";"SELECTED";"458";
"459";"IMG459";"IMG459.JPG";"";"2016-03-02 00:00:00";"bill";"SELECTED";"459";
"460";"IMG460";"IMG460.JPG";"";"2016-09-22 00:00:00";"ticket";"SELECTED";"460";
"461";"IMG461";"IMG461.JPG";"";"2016-09-21 00:00:00";"receipt";"SELECTED";"461";
"462";"IMG462";"IMG462.JPG";"";"2016-03-28 00:00:00";"bill";"SELECTED";"462";
"463";"IMG463";"IMG463.JPG";"";"2016-08-03 00:00:00";"ticket";"SELECTED";"463";
"464";"IMG464";"IMG464.JPG";"";"2016-09-23 00:00:00";"receipt";"SELECTED";"464";
"465";"IMG465";"IMG465.JPG";"";"2016-04-01 00:00:00";"bill";"SELECTED";"465";
"466";"IMG466";"IMG466.JPG";"";"2016-05-08 00:00:00";"ticket";"SELECTED";"466";
"467";"IMG467";"IMG467.JPG";"";"2016-01-30 00:00:00";"receipt";"SELECTED";"467";
"468";"IMG468";"IMG468.JPG";"";"2016-12-06 00:00:00";"bill";"SELECTED";"468";
"469";"IMG469";"IMG469.JPG";"";"2016-08-03 00:00:00";"ticket";"SELECTED";"469";
"470";"IMG470";"IMG470.JPG";"";"2015-12-21 00:00:00";"receipt";"SELECTED";"470";
"471";"IMG471";"IMG471.JPG";"";"2016-06-22 00:00:00";"bill";"SELECTED";"471";
"472";"IMG472";"IMG472.JPG";"";"2016-03-27 00:00:00";"ticket";"SELECTED";"472";
"473";"IMG473";"IMG473.JPG";"";"2016-11-03 00:00:00";"receipt";"SELECTED";"473";
"474";"IMG474";"IMG474.JPG";"";"2016-08-22 00:00:00";"bill";"SELECTED";"474";
"475";"IMG475";"IMG475.JPG";"";"2016-12-24 00:00:00";"ticket";"SELECTED";"475";
"476";"IMG476";"IMG476.JPG";"";"2016-01-16 00:00:00";"receipt";"SELECTED";"476";
"477";"IMG477";"IMG477.JPG";"";"2016-02-23 00:00:00";"bill";"SELECTED";"477";
"478";"IMG478";"IMG478.JPG";"";"2016-03-01 00:00:00";"ticket";"SELECTED";"478";
"479";"IMG479";"IMG479.JPG";"";"2016-07-17 00:00:00";"receipt";"SELECTED";"479";
"480";"IMG480";"IMG480.JPG";"";"2016-12-29 00:00:00";"bill";"SELECTED";"480";
"481";"IMG481";"IMG481.JPG";"";"2016-06-02 00:00:00";"ticket";"SELECTED";"481";
"482";"IMG482";"IMG482.JPG";"";"2016-03-03 00:00:00";"receipt";"SELECTED";"482";
"483";"IMG483";"IMG483.JPG";"";"2016-07-24 00:00:00";"bill";"SELECTED";"483";
"484";"IMG484";"IMG484.JPG";"";"2015-12-09 00:00:00";"ticket";"SELECTED";"484";
"485";"IMG485";"IMG485.JPG";"";"2016-05-20 00:00:00";"receipt";"SELECTED";"485";
"486";"IMG486";"IMG486.JPG";"";"2016-01-19 00:00:00";"bill";"SELECTED";"486";
"487";"IMG487";"IMG487.JPG";"";"2016-11-05 00:00:00";"ticket";"SELECTED";"487";
"488";"IMG488";"IMG488.JPG";"";"2016-09-17 00:00:00";"receipt";"SELECTED";"488";
"489";"IMG489";"IMG489.JPG";"";"2016-09-16 00:00:00";"bill";"SELECTED";"489";
"490";"IMG490";"IMG490.JPG";"";"2016-02-11 00:00:00";"ticket";"SELECTED";"490";
"491";"IMG491";"IMG491.JPG";"";"2016-02-15 00:00:00";"receipt";"SELECTED";"491";
"492";"IMG492";"IMG492.JPG";"";"2016-12-04 00:00:00";"bill";"SELECTED";"492";
"493";"IMG493";"IMG493.JPG";"";"2016-02-14 00:00:00";"ticket";"SELECTED";"493";
"494";"IMG494";"IMG494.JPG";"";"2016-02-02 00:00:00";"receipt";"SELECTED";"494";
"495";"IMG495";"IMG495.JPG";"";"2016-02-22 00:00:00";"bill";"SELECTED";"495";
"496";"IMG496";"IMG496.JPG";"";"2016-05-11 00:00:00";"ticket";"SELECTED";"496";
"497";"IMG497";"IMG497.JPG";"";"2016-07-10 00:00:00";"receipt";"SELECTED";"497";
"498";"IMG498";"IMG498.JPG";"";"2016-04-26 00:00:00";"bill";"SELECTED";"498";
"499";"IMG499";"IMG499.JPG";"";"2016-12-24 00:00:00";"ticket";"SELECTED";"499";
"500";"IMG500";"IMG500.JPG";"";"2016-02-08 00:00:00";"receipt";"SELECTED";"500";
"501";"IMG501";"IMG501.JPG";"";"2016-10-20 00:00:00";"receipt";"SELECTED";"501";
"502";"IMG502";"IMG502.JPG";"";"2015-12-26 00:00:00";"bill";"SELECTED";"502";
"503";"IMG503";"IMG503.JPG";"";"2016-03-02 00:00:00";"ticket";"SELECTED";"503";
"504";"IMG504";"IMG504.JPG";"";"2016-06-02 00:00:00";"receipt";"SELECTED";"504";
"505";"IMG505";"IMG505.JPG";"";"2016-09-10 00:00:00";"bill";"SELECTED";"505";
"506";"IMG506";"IMG506.JPG";"";"2016-08-11 00:00:00";"ticket";"SELECTED";"506";
"507";"IMG507";"IMG507.JPG";"";"2016-06-05 00:00:00";"receipt";"SELECTED";"507";
"508";"IMG508";"IMG508.JPG";"";"2016-07-06 00:00:00";"bill";"SELECTED";"508";
"509";"IMG509";"IMG509.JPG";"";"2016-11-19 00:00:00";"ticket";"SELECTED";"509";
"510";"IMG510";"IMG510.JPG";"";"2016-07-06 00:00:00";"receipt";"SELECTED";"510";
"511";"IMG511";"IMG511.JPG";"";"2016-02-21 00:00:00";"bill";"SELECTED";"511";
"512";"IMG512";"IMG512.JPG";"";"2016-11-17 00:00:00";"ticket";"SELECTED";"512";
"513";"IMG513";"IMG513.JPG";"";"2016-03-29 00:00:00";"receipt";"SELECTED";"513";
"514";"IMG514";"IMG514.JPG";"";"2016-12-22 00:00:00";"bill";"SELECTED";"514";
"515";"IMG515";"IMG515.JPG";"";"2015-12-29 00:00:00";"ticket";"SELECTED";"515";
"516";"IMG516";"IMG516.JPG";"";"2016-10-23 00:00:00";"receipt";"SELECTED";"516";
"517";"IMG517";"IMG517.JPG";"";"2016-06-01 00:00:00";"bill";"SELECTED";"517";
"518";"IMG518";"IMG518.JPG";"";"2016-12-04 00:00:00";"ticket";"SELECTED";"518";
"519";"IMG519";"IMG519.JPG";"";"2016-01-06 00:00:00";"receipt";"SELECTED";"519";
"520";"IMG520";"IMG520.JPG";"";"2016-03-09 00:00:00";"bill";"SELECTED";"520";
"521";"IMG521";"IMG521.JPG";"";"2015-12-09 00:00:00";"ticket";"SELECTED";"521";
"522";"IMG522";"IMG522.JPG";"";"2016-04-08 00:00:00";"receipt";"SELECTED";"522";
"523";"IMG523";"IMG523.JPG";"";"2016-04-30 00:00:00";"bill";"SELECTED";"523";
"524";"IMG524";"IMG524.JPG";"";"2016-11-16 00:00:00";"ticket";"SELECTED";"524";
"525";"IMG525";"IMG525.JPG";"";"2016-01-30 00:00:00";"receipt";"SELECTED";"525";
"526";"IMG526";"IMG526.JPG";"";"2016-07-12 00:00:00";"bill";"SELECTED";"526";
"527";"IMG527";"IMG527.JPG";"";"2016-05-18 00:00:00";"ticket";"SELECTED";"527";
"528";"IMG528";"IMG528.JPG";"";"2016-07-06 00:00:00";"receipt";"SELECTED";"528";
"529";"IMG529";"IMG529.JPG";"";"2015-12-10 00:00:00";"bill";"SELECTED";"529";
"530";"IMG530";"IMG530.JPG";"";"2016-08-25 00:00:00";"ticket";"SELECTED";"530";
"531";"IMG531";"IMG531.JPG";"";"2016-09-16 00:00:00";"receipt";"SELECTED";"531";
"532";"IMG532";"IMG532.JPG";"";"2016-06-06 00:00:00";"bill";"SELECTED";"532";
"533";"IMG533";"IMG533.JPG";"";"2015-12-31 00:00:00";"ticket";"SELECTED";"533";
"534";"IMG534";"IMG534.JPG";"";"2016-05-24 00:00:00";"receipt";"SELECTED";"534";
"535";"IMG535";"IMG535.JPG";"";"2016-07-11 00:00:00";"bill";"SELECTED";"535";
"536";"IMG536";"IMG536.JPG";"";"2016-11-30 00:00:00";"ticket";"SELECTED";"536";
"537";"IMG537";"IMG537.JPG";"";"2016-08-22 00:00:00";"receipt";"SELECTED";"537";
"538";"IMG538";"IMG538.JPG";"";"2016-11-10 00:00:00";"bill";"SELECTED";"538";
"539";"IMG539";"IMG539.JPG";"";"2016-06-16 00:00:00";"ticket";"SELECTED";"539";
"540";"IMG540";"IMG540.JPG";"";"2016-05-10 00:00:00";"receipt";"SELECTED";"540";
"541";"IMG541";"IMG541.JPG";"";"2016-02-02 00:00:00";"bill";"SELECTED";"541";
"542";"IMG542";"IMG542.JPG";"";"2016-09-08 00:00:00";"ticket";"SELECTED";"542";
"543";"IMG543";"IMG543.JPG";"";"2016-07-20 00:00:00";"receipt";"SELECTED";"543";
"544";"IMG544";"IMG544.JPG";"";"2016-07-01 00:00:00";"bill";"SELECTED";"544";
"545";"IMG545";"IMG545.JPG";"";"2016-09-13 00:00:00";"ticket";"SELECTED";"545";
"546";"IMG546";"IMG546.JPG";"";"2016-10-14 00:00:00";"receipt";"SELECTED";"546";
"547";"IMG547";"IMG547.JPG";"";"2016-03-31 00:00:00";"bill";"SELECTED";"547";
"548";"IMG548";"IMG548.JPG";"";"2016-03-30 00:00:00";"ticket";"SELECTED";"548";
"549";"IMG549";"IMG549.JPG";"";"2016-01-30 00:00:00";"receipt";"SELECTED";"549";
"550";"IMG550";"IMG550.JPG";"";"2016-09-29 00:00:00";"bill";"SELECTED";"550";
"551";"IMG551";"IMG551.JPG";"";"2016-07-07 00:00:00";"ticket";"SELECTED";"551";
"552";"IMG552";"IMG552.JPG";"";"2016-07-15 00:00:00";"receipt";"SELECTED";"552";
"553";"IMG553";"IMG553.JPG";"";"2016-11-26 00:00:00";"bill";"SELECTED";"553";
"554";"IMG554";"IMG554.JPG";"";"2016-05-18 00:00:00";"ticket";"SELECTED";"554";
"555";"IMG555";"IMG555.JPG";"";"2016-11-25 00:00:00";"receipt";"SELECTED";"555";
"556";"IMG556";"IMG556.JPG";"";"2016-05-05 00:00:00";"bill";"SELECTED";"556";
"557";"IMG557";"IMG557.JPG";"";"2016-06-07 00:00:00";"ticket";"SELECTED";"557";
"558";"IMG558";"IMG558.JPG";"";"2016-08-27 00:00:00";"receipt";"SELECTED";"558";
"559";"IMG559";"IMG559.JPG";"";"2016-08-15 00:00:00";"bill";"SELECTED";"559";
"560";"IMG560";"IMG560.JPG";"";"2016-02-02 00:00:00";"ticket";"SELECTED";"560";
"561";"IMG561";"IMG561.JPG";"";"2016-06-26 00:00:00";"receipt";"SELECTED";"561";
"562";"IMG562";"IMG562.JPG";"";"2016-03-21 00:00:00";"bill";"SELECTED";"562";
"563";"IMG563";"IMG563.JPG";"";"2016-07-30 00:00:00";"ticket";"SELECTED";"563";
"564";"IMG564";"IMG564.JPG";"";"2016-11-26 00:00:00";"receipt";"SELECTED";"564";
"565";"IMG565";"IMG565.JPG";"";"2016-10-06 00:00:00";"bill";"SELECTED";"565";
"566";"IMG566";"IMG566.JPG";"";"2016-01-03 00:00:00";"ticket";"SELECTED";"566";
"567";"IMG567";"IMG567.JPG";"";"2016-09-23 00:00:00";"receipt";"SELECTED";"567";
"568";"IMG568";"IMG568.JPG";"";"2016-09-23 00:00:00";"bill";"SELECTED";"568";
"569";"IMG569";"IMG569.JPG";"";"2016-01-23 00:00:00";"ticket";"SELECTED";"569";
"570";"IMG570";"IMG570.JPG";"";"2016-08-05 00:00:00";"receipt";"SELECTED";"570";
"571";"IMG571";"IMG571.JPG";"";"2016-08-12 00:00:00";"bill";"SELECTED";"571";
"572";"IMG572";"IMG572.JPG";"";"2016-08-25 00:00:00";"ticket";"SELECTED";"572";
"573";"IMG573";"IMG573.JPG";"";"2016-02-12 00:00:00";"receipt";"SELECTED";"573";
"574";"IMG574";"IMG574.JPG";"";"2016-02-07 00:00:00";"bill";"SELECTED";"574";
"575";"IMG575";"IMG575.JPG";"";"2016-04-04 00:00:00";"ticket";"SELECTED";"575";
"576";"IMG576";"IMG576.JPG";"";"2016-03-16 00:00:00";"receipt";"SELECTED";"576";
"577";"IMG577";"IMG577.JPG";"";"2016-12-07 00:00:00";"bill";"SELECTED";"577";
"578";"IMG578";"IMG578.JPG";"";"2016-02-09 00:00:00";"ticket";"SELECTED";"578";
"579";"IMG579";"IMG579.JPG";"";"2016-03-17 00:00:00";"receipt";"SELECTED";"579";
"580";"IMG580";"IMG580.JPG";"";"2016-03-26 00:00:00";"bill";"SELECTED";"580";
"581";"IMG581";"IMG581.JPG";"";"2016-08-27 00:00:00";"ticket";"SELECTED";"581";
"582";"IMG582";"IMG582.JPG";"";"2016-06-23 00:00:00";"receipt";"SELECTED";"582";
"583";"IMG583";"IMG583.JPG";"";"2016-03-12 00:00:00";"bill";"SELECTED";"583";
"584";"IMG584";"IMG584.JPG";"";"2016-03-22 00:00:00";"ticket";"SELECTED";"584";
"585";"IMG585";"IMG585.JPG";"";"2016-07-12 00:00:00";"receipt";"SELECTED";"585";
"586";"IMG586";"IMG586.JPG";"";"2015-12-28 00:00:00";"bill";"SELECTED";"586";
"587";"IMG587";"IMG587.JPG";"";"2016-05-27 00:00:00";"ticket";"SELECTED";"587";
"588";"IMG588";"IMG588.JPG";"";"2016-10-12 00:00:00";"receipt";"SELECTED";"588";
"589";"IMG589";"IMG589.JPG";"";"2016-06-17 00:00:00";"bill";"SELECTED";"589";
"590";"IMG590";"IMG590.JPG";"";"2016-06-01 00:00:00";"ticket";"SELECTED";"590";
"591";"IMG591";"IMG591.JPG";"";"2016-05-25 00:00:00";"receipt";"SELECTED";"591";
"592";"IMG592";"IMG592.JPG";"";"2016-02-04 00:00:00";"bill";"SELECTED";"592";
"593";"IMG593";"IMG593.JPG";"";"2016-10-26 00:00:00";"ticket";"SELECTED";"593";
"594";"IMG594";"IMG594.JPG";"";"2016-05-08 00:00:00";"receipt";"SELECTED";"594";
"595";"IMG595";"IMG595.JPG";"";"2015-12-07 00:00:00";"bill";"SELECTED";"595";
"596";"IMG596";"IMG596.JPG";"";"2016-06-25 00:00:00";"ticket";"SELECTED";"596";
"597";"IMG597";"IMG597.JPG";"";"2016-09-13 00:00:00";"receipt";"SELECTED";"597";
"598";"IMG598";"IMG598.JPG";"";"2016-10-30 00:00:00";"bill";"SELECTED";"598";
"599";"IMG599";"IMG599.JPG";"";"2016-08-13 00:00:00";"ticket";"SELECTED";"599";
"600";"IMG600";"IMG600.JPG";"";"2016-09-27 00:00:00";"receipt";"SELECTED";"600";
"601";"IMG601";"IMG601.JPG";"";"2015-12-29 00:00:00";"receipt";"SELECTED";"601";
"602";"IMG602";"IMG602.JPG";"";"2016-03-22 00:00:00";"bill";"SELECTED";"602";
"603";"IMG603";"IMG603.JPG";"";"2016-01-14 00:00:00";"ticket";"SELECTED";"603";
"604";"IMG604";"IMG604.JPG";"";"2016-08-17 00:00:00";"receipt";"SELECTED";"604";
"605";"IMG605";"IMG605.JPG";"";"2016-03-12 00:00:00";"bill";"SELECTED";"605";
"606";"IMG606";"IMG606.JPG";"";"2016-01-14 00:00:00";"ticket";"SELECTED";"606";
"607";"IMG607";"IMG607.JPG";"";"2016-11-19 00:00:00";"receipt";"SELECTED";"607";
"608";"IMG608";"IMG608.JPG";"";"2016-10-05 00:00:00";"bill";"SELECTED";"608";
"609";"IMG609";"IMG609.JPG";"";"2016-12-02 00:00:00";"ticket";"SELECTED";"609";
"610";"IMG610";"IMG610.JPG";"";"2016-09-15 00:00:00";"receipt";"SELECTED";"610";
"611";"IMG611";"IMG611.JPG";"";"2016-12-04 00:00:00";"bill";"SELECTED";"611";
"612";"IMG612";"IMG612.JPG";"";"2015-12-15 00:00:00";"ticket";"SELECTED";"612";
"613";"IMG613";"IMG613.JPG";"";"2016-12-03 00:00:00";"receipt";"SELECTED";"613";
"614";"IMG614";"IMG614.JPG";"";"2016-04-02 00:00:00";"bill";"SELECTED";"614";
"615";"IMG615";"IMG615.JPG";"";"2016-07-19 00:00:00";"ticket";"SELECTED";"615";
"616";"IMG616";"IMG616.JPG";"";"2016-03-17 00:00:00";"receipt";"SELECTED";"616";
"617";"IMG617";"IMG617.JPG";"";"2016-01-02 00:00:00";"bill";"SELECTED";"617";
"618";"IMG618";"IMG618.JPG";"";"2016-11-23 00:00:00";"ticket";"SELECTED";"618";
"619";"IMG619";"IMG619.JPG";"";"2016-06-11 00:00:00";"receipt";"SELECTED";"619";
"620";"IMG620";"IMG620.JPG";"";"2016-05-10 00:00:00";"bill";"SELECTED";"620";
"621";"IMG621";"IMG621.JPG";"";"2016-10-26 00:00:00";"ticket";"SELECTED";"621";
"622";"IMG622";"IMG622.JPG";"";"2016-01-30 00:00:00";"receipt";"SELECTED";"622";
"623";"IMG623";"IMG623.JPG";"";"2016-06-27 00:00:00";"bill";"SELECTED";"623";
"624";"IMG624";"IMG624.JPG";"";"2015-12-06 00:00:00";"ticket";"SELECTED";"624";
"625";"IMG625";"IMG625.JPG";"";"2015-12-20 00:00:00";"receipt";"SELECTED";"625";
"626";"IMG626";"IMG626.JPG";"";"2016-08-24 00:00:00";"bill";"SELECTED";"626";
"627";"IMG627";"IMG627.JPG";"";"2016-05-20 00:00:00";"ticket";"SELECTED";"627";
"628";"IMG628";"IMG628.JPG";"";"2016-10-05 00:00:00";"receipt";"SELECTED";"628";
"629";"IMG629";"IMG629.JPG";"";"2015-12-07 00:00:00";"bill";"SELECTED";"629";
"630";"IMG630";"IMG630.JPG";"";"2016-03-24 00:00:00";"ticket";"SELECTED";"630";
"631";"IMG631";"IMG631.JPG";"";"2016-04-16 00:00:00";"receipt";"SELECTED";"631";
"632";"IMG632";"IMG632.JPG";"";"2016-07-10 00:00:00";"bill";"SELECTED";"632";
"633";"IMG633";"IMG633.JPG";"";"2016-07-03 00:00:00";"ticket";"SELECTED";"633";
"634";"IMG634";"IMG634.JPG";"";"2016-10-23 00:00:00";"receipt";"SELECTED";"634";
"635";"IMG635";"IMG635.JPG";"";"2016-01-22 00:00:00";"bill";"SELECTED";"635";
"636";"IMG636";"IMG636.JPG";"";"2016-10-24 00:00:00";"ticket";"SELECTED";"636";
"637";"IMG637";"IMG637.JPG";"";"2016-02-02 00:00:00";"receipt";"SELECTED";"637";
"638";"IMG638";"IMG638.JPG";"";"2016-11-03 00:00:00";"bill";"SELECTED";"638";
"639";"IMG639";"IMG639.JPG";"";"2016-06-03 00:00:00";"ticket";"SELECTED";"639";
"640";"IMG640";"IMG640.JPG";"";"2016-04-16 00:00:00";"receipt";"SELECTED";"640";
"641";"IMG641";"IMG641.JPG";"";"2016-03-07 00:00:00";"bill";"SELECTED";"641";
"642";"IMG642";"IMG642.JPG";"";"2016-08-06 00:00:00";"ticket";"SELECTED";"642";
"643";"IMG643";"IMG643.JPG";"";"2016-01-05 00:00:00";"receipt";"SELECTED";"643";
"644";"IMG644";"IMG644.JPG";"";"2016-11-26 00:00:00";"bill";"SELECTED";"644";
"645";"IMG645";"IMG645.JPG";"";"2016-12-05 00:00:00";"ticket";"SELECTED";"645";
"646";"IMG646";"IMG646.JPG";"";"2016-03-24 00:00:00";"receipt";"SELECTED";"646";
"647";"IMG647";"IMG647.JPG";"";"2016-01-31 00:00:00";"bill";"SELECTED";"647";
"648";"IMG648";"IMG648.JPG";"";"2016-03-03 00:00:00";"ticket";"SELECTED";"648";
"649";"IMG649";"IMG649.JPG";"";"2016-10-21 00:00:00";"receipt";"SELECTED";"649";
"650";"IMG650";"IMG650.JPG";"";"2016-12-14 00:00:00";"bill";"SELECTED";"650";
"651";"IMG651";"IMG651.JPG";"";"2015-12-23 00:00:00";"ticket";"SELECTED";"651";
"652";"IMG652";"IMG652.JPG";"";"2016-02-18 00:00:00";"receipt";"SELECTED";"652";
"653";"IMG653";"IMG653.JPG";"";"2015-12-22 00:00:00";"bill";"SELECTED";"653";
"654";"IMG654";"IMG654.JPG";"";"2016-07-06 00:00:00";"ticket";"SELECTED";"654";
"655";"IMG655";"IMG655.JPG";"";"2016-06-09 00:00:00";"receipt";"SELECTED";"655";
"656";"IMG656";"IMG656.JPG";"";"2016-02-23 00:00:00";"bill";"SELECTED";"656";
"657";"IMG657";"IMG657.JPG";"";"2016-07-26 00:00:00";"ticket";"SELECTED";"657";
"658";"IMG658";"IMG658.JPG";"";"2016-01-23 00:00:00";"receipt";"SELECTED";"658";
"659";"IMG659";"IMG659.JPG";"";"2016-05-26 00:00:00";"bill";"SELECTED";"659";
"660";"IMG660";"IMG660.JPG";"";"2016-12-10 00:00:00";"ticket";"SELECTED";"660";
"661";"IMG661";"IMG661.JPG";"";"2016-02-07 00:00:00";"receipt";"SELECTED";"661";
"662";"IMG662";"IMG662.JPG";"";"2016-06-11 00:00:00";"bill";"SELECTED";"662";
"663";"IMG663";"IMG663.JPG";"";"2016-02-01 00:00:00";"ticket";"SELECTED";"663";
"664";"IMG664";"IMG664.JPG";"";"2016-12-14 00:00:00";"receipt";"SELECTED";"664";
"665";"IMG665";"IMG665.JPG";"";"2016-03-30 00:00:00";"bill";"SELECTED";"665";
"666";"IMG666";"IMG666.JPG";"";"2016-10-27 00:00:00";"ticket";"SELECTED";"666";
"667";"IMG667";"IMG667.JPG";"";"2016-01-27 00:00:00";"receipt";"SELECTED";"667";
"668";"IMG668";"IMG668.JPG";"";"2016-11-02 00:00:00";"bill";"SELECTED";"668";
"669";"IMG669";"IMG669.JPG";"";"2016-02-26 00:00:00";"ticket";"SELECTED";"669";
"670";"IMG670";"IMG670.JPG";"";"2016-04-25 00:00:00";"receipt";"SELECTED";"670";
"671";"IMG671";"IMG671.JPG";"";"2016-07-18 00:00:00";"bill";"SELECTED";"671";
"672";"IMG672";"IMG672.JPG";"";"2016-11-17 00:00:00";"ticket";"SELECTED";"672";
"673";"IMG673";"IMG673.JPG";"";"2016-09-24 00:00:00";"receipt";"SELECTED";"673";
"674";"IMG674";"IMG674.JPG";"";"2016-11-22 00:00:00";"bill";"SELECTED";"674";
"675";"IMG675";"IMG675.JPG";"";"2016-01-31 00:00:00";"ticket";"SELECTED";"675";
"676";"IMG676";"IMG676.JPG";"";"2016-09-24 00:00:00";"receipt";"SELECTED";"676";
"677";"IMG677";"IMG677.JPG";"";"2016-01-06 00:00:00";"bill";"SELECTED";"677";
"678";"IMG678";"IMG678.JPG";"";"2016-03-29 00:00:00";"ticket";"SELECTED";"678";
"679";"IMG679";"IMG679.JPG";"";"2016-12-10 00:00:00";"receipt";"SELECTED";"679";
"680";"IMG680";"IMG680.JPG";"";"2016-10-02 00:00:00";"bill";"SELECTED";"680";
"681";"IMG681";"IMG681.JPG";"";"2016-05-16 00:00:00";"ticket";"SELECTED";"681";
"682";"IMG682";"IMG682.JPG";"";"2016-02-18 00:00:00";"receipt";"SELECTED";"682";
"683";"IMG683";"IMG683.JPG";"";"2016-03-31 00:00:00";"bill";"SELECTED";"683";
"684";"IMG684";"IMG684.JPG";"";"2016-03-20 00:00:00";"ticket";"SELECTED";"684";
"685";"IMG685";"IMG685.JPG";"";"2016-07-30 00:00:00";"receipt";"SELECTED";"685";
"686";"IMG686";"IMG686.JPG";"";"2016-11-10 00:00:00";"bill";"SELECTED";"686";
"687";"IMG687";"IMG687.JPG";"";"2016-04-25 00:00:00";"ticket";"SELECTED";"687";
"688";"IMG688";"IMG688.JPG";"";"2016-01-21 00:00:00";"receipt";"SELECTED";"688";
"689";"IMG689";"IMG689.JPG";"";"2016-07-24 00:00:00";"bill";"SELECTED";"689";
"690";"IMG690";"IMG690.JPG";"";"2016-09-12 00:00:00";"ticket";"SELECTED";"690";
"691";"IMG691";"IMG691.JPG";"";"2016-07-21 00:00:00";"receipt";"SELECTED";"691";
"692";"IMG692";"IMG692.JPG";"";"2016-02-17 00:00:00";"bill";"SELECTED";"692";
"693";"IMG693";"IMG693.JPG";"";"2016-04-11 00:00:00";"ticket";"SELECTED";"693";
"694";"IMG694";"IMG694.JPG";"";"2016-11-22 00:00:00";"receipt";"SELECTED";"694";
"695";"IMG695";"IMG695.JPG";"";"2016-09-24 00:00:00";"bill";"SELECTED";"695";
"696";"IMG696";"IMG696.JPG";"";"2016-01-15 00:00:00";"ticket";"SELECTED";"696";
"697";"IMG697";"IMG697.JPG";"";"2016-10-26 00:00:00";"receipt";"SELECTED";"697";
"698";"IMG698";"IMG698.JPG";"";"2016-08-15 00:00:00";"bill";"SELECTED";"698";
"699";"IMG699";"IMG699.JPG";"";"2016-12-28 00:00:00";"ticket";"SELECTED";"699";
"700";"IMG700";"IMG700.JPG";"";"2016-11-11 00:00:00";"receipt";"SELECTED";"700";


